SkillsCount,"VAR jid = Fact_Jobs[Job_ID]
RETURN 
COUNTROWS(FILTER(Fact_Job_Skills, Fact_Job_Skills[Job_ID] = jid )) ",,,,,,,,,,,,,,,,,,,,"VAR jid = Fact_Jobs[Job_ID]
RETURN 
COUNTROWS(FILTER(Fact_Job_Skills, Fact_Job_Skills[Job_ID] = jid )) ",,,,,,,,,,,,,,,,,
IsRemote,"SWITCH(
  TRUE(),
  Fact_Jobs[Remote_Ratio] = 100, ""Remote"",
   Fact_Jobs[Remote_Ratio] >= 50, ""Mostly Remote / Hybrid"",
   Fact_Jobs[Remote_Ratio] > 0, ""Hybrid"",
   Fact_Jobs[Remote_Ratio] = 0, ""On-site"",
  ""Unknown""
)
",,,,,,,,,,,,,,,,,,,,"SWITCH(
  TRUE(),
  Fact_Jobs[Remote_Ratio] = 100, ""Remote"",
   Fact_Jobs[Remote_Ratio] >= 50, ""Mostly Remote / Hybrid"",
   Fact_Jobs[Remote_Ratio] > 0, ""Hybrid"",
   Fact_Jobs[Remote_Ratio] = 0, ""On-site"",
  ""Unknown""
)
",,,,,,,,,,,,,,,,,
PostedYearMonth,"FORMAT(Fact_Jobs[Posted_Date],""YYYY-MM"")",,,,,,,,,,,,,,,,,,,,"FORMAT(Fact_Jobs[Posted_Date],""YYYY-MM"")",,,,,,,,,,,,,,,,,
Job_Dispaly,"Fact_Jobs[Company_ID] & "" - "" & Fact_Jobs[Job_Title]",,,,,,,,,,,,,,,,,,,,"Fact_Jobs[Company_ID] & "" - "" & Fact_Jobs[Job_Title]",,,,,,,,,,,,,,,,,
Seniority_Flag,"IF(CONTAINSSTRING(Fact_Jobs[Experience_Level],""Senior""),""Senior"",""Non-Senior"")",,,,,,,,,,,,,,,,,,,,"IF(CONTAINSSTRING(Fact_Jobs[Experience_Level],""Senior""),""Senior"",""Non-Senior"")",,,,,,,,,,,,,,,,,
Seniority_Rank,"SWITCH(TRUE(),
Fact_Jobs[Experience_Level] = ""Entry"",1,
Fact_Jobs[Experience_Level] = ""Junior"",2,
Fact_Jobs[Experience_Level] = ""Mid"",3,
Fact_Jobs[Experience_Level] = ""Lead"",4,
Fact_Jobs[Experience_Level] = ""Senior"",5,
Fact_Jobs[Experience_Level] = ""Director"",6,
BLANK())",,,,,,,,,,,,,,,,,,,,"SWITCH(TRUE(),
Fact_Jobs[Experience_Level] = ""Entry"",1,
Fact_Jobs[Experience_Level] = ""Junior"",2,
Fact_Jobs[Experience_Level] = ""Mid"",3,
Fact_Jobs[Experience_Level] = ""Lead"",4,
Fact_Jobs[Experience_Level] = ""Senior"",5,
Fact_Jobs[Experience_Level] = ""Director"",6,
BLANK())",,,,,,,,,,,,,,,,,
Posting_Month,"FORMAT(Fact_Jobs[Posted_Date], ""MMMM"")",,,,,,,,,,,,,,,,,,,,"FORMAT(Fact_Jobs[Posted_Date], ""MMMM"")",,,,,,,,,,,,,,,,,
Year,YEAR(Dim_Date[Date]),,,,,,,,,,,,,,,,,,,,YEAR(Dim_Date[Date]),,,,,,,,,,,,,,,,,
Quarter,"""Q"" & FORMAT(Dim_Date[Date],""Q"")",,,,,,,,,,,,,,,,,,,,"""Q"" & FORMAT(Dim_Date[Date],""Q"")",,,,,,,,,,,,,,,,,
MonthNum,MONTH([Date]),,,,,,,,,,,,,,,,,,,,MONTH([Date]),,,,,,,,,,,,,,,,,
MonthName,"FORMAT([Date],""MMMM"")",,,,,,,,,,,,,,,,,,,,"FORMAT([Date],""MMMM"")",,,,,,,,,,,,,,,,,
DayNum,DAY([Date]),,,,,,,,,,,,,,,,,,,,DAY([Date]),,,,,,,,,,,,,,,,,
YearMonth,"FORMAT([Date],""YYYY-MM"")",,,,,,,,,,,,,,,,,,,,"FORMAT([Date],""YYYY-MM"")",,,,,,,,,,,,,,,,,
DayName,"FORMAT([Date],""DDDD"")",,,,,,,,,,,,,,,,,,,,"FORMAT([Date],""DDDD"")",,,,,,,,,,,,,,,,,
Year,YEAR([Date]),,,,,,,,,,,,,,,,,,,,YEAR([Date]),,,,,,,,,,,,,,,,,
MonthNo,MONTH([Date]),,,,,,,,,,,,,,,,,,,,MONTH([Date]),,,,,,,,,,,,,,,,,
Month,"FORMAT([Date], ""MMMM"")",,,,,,,,,,,,,,,,,,,,"FORMAT([Date], ""MMMM"")",,,2929,,,,,,,,,,,,,,
QuarterNo,INT(([MonthNo] + 2) / 3),,,,,,,,,,,,,,,,,,,,INT(([MonthNo] + 2) / 3),,,,,,,,,,,,,,,,,
Quarter,"""Qtr "" & [QuarterNo]",,,,,,,,,,,,,,,,,,,,"""Qtr "" & [QuarterNo]",,,2931,,,,,,,,,,,,,,
Day,DAY([Date]),,,,,,,,,,,,,,,,,,,,DAY([Date]),,,,,,,,,,,,,,,,,
Year,YEAR([Date]),,,,,,,,,,,,,,,,,,,,YEAR([Date]),,,,,,,,,,,,,,,,,
MonthNo,MONTH([Date]),,,,,,,,,,,,,,,,,,,,MONTH([Date]),,,,,,,,,,,,,,,,,
Month,"FORMAT([Date], ""MMMM"")",,,,,,,,,,,,,,,,,,,,"FORMAT([Date], ""MMMM"")",,,2936,,,,,,,,,,,,,,
QuarterNo,INT(([MonthNo] + 2) / 3),,,,,,,,,,,,,,,,,,,,INT(([MonthNo] + 2) / 3),,,,,,,,,,,,,,,,,
Quarter,"""Qtr "" & [QuarterNo]",,,,,,,,,,,,,,,,,,,,"""Qtr "" & [QuarterNo]",,,2938,,,,,,,,,,,,,,
Day,DAY([Date]),,,,,,,,,,,,,,,,,,,,DAY([Date]),,,,,,,,,,,,,,,,,
